,property_type,seller,status,rate per sqft,price,area,location,RERA
0,2 BHK Apartment in Riddhi Golden Nest,Riddhi Group,Ready to move,"6,300 / sq ft", 80.95 L,1285 ,Puppalaguda,not approval by RERA
1,3 BHK Apartment in Vajra The Royal Park,Vajra Builders And Developers,Under Construction,"4,200 / sq ft", 64.47 L,1535 ,Bowrampet,approval by RERA
2,3 BHK Villa in Saket Bhusatva Ph II,Saket Engineers Pvt Ltd,Under Construction,"7,749 / sq ft", 2.48 Cr,3209 ,Kompally,approval by RERA
3,3 BHK Apartment in Anuhar Towers,Anuhar Homes Pvt Ltd,Under Construction,"6,350 / sq ft", 1.16 Cr,1840 ,Manikonda,approval by RERA
4,3 BHK Apartment in Signature Altius,Signature Avenues,Under Construction,"4,999 / sq ft", 94.98 L,1900 ,Kollur,approval by RERA
5,3 BHK Apartment in Candeur Crescent,Candeur Developers And Builders,Under Construction,"7,810 / sq ft", 1.99 Cr,2548 ,Serilingampally,approval by RERA
6,2 BHK Apartment in MKT Urban Tree,MKT Praneeth Homes,Under Construction,"3,800 / sq ft", 43.47 L,1144 ,Isnapur,approval by RERA
7,3 BHK Apartment in Vasavi Nandanam,Vasavi Group,Under Construction,"5,500 / sq ft", 1.08 Cr,1965 ,Jeedimetla,approval by RERA
8,2 BHK Apartment in Aavasa Constructions Emerald,Aavasa Constructions,Under Construction,"6,500 / sq ft", 85.15 L,1310 ,Saroor Nagar,approval by RERA
9,4 BHK Villa in RV Nirmaan Somwrita,R V Nirmaan Private Limited,Ready to move,"11,888 / sq ft", 3.64 Cr,3062 ,Kismatpur,not approval by RERA
10,3 BHK Apartment in Cybercity Oriana,Cyber City Oriana,Under Construction,"9,909 / sq ft", 2.2 Cr,2220 ,Kukatpally,approval by RERA
11,3 BHK Apartment in G K Casa Grande,G K Constructions,Under Construction,"5,752 / sq ft", 1.41 Cr,2457 ,Yapral,approval by RERA
12,2 BHK Apartment in Srija Twin Towers,Srija Infra Developers Hyderabad,Under Construction,"4,800 / sq ft", 50.01 L,1042 ,Dammaiguda,approval by RERA
13,3 BHK Apartment in GHR Callisto,GHR Infra,Under Construction,"4,799 / sq ft", 85.18 L,1775 ,Kollur,approval by RERA
14,4 BHK Villa in Vishal Sanjivini,Vishal Projects Limited,Under Construction,"9,754 / sq ft", 4.56 Cr,4685 ,Maheshwaram,approval by RERA
15,3 BHK Apartment in Hallmark Sunnyside,Hallmark Builders,Under Construction,"6,799 / sq ft", 1.2 Cr,1770 ,Manchirevula,approval by RERA
16,2 BHK Apartment in IRA Aspiration,Ira Reality,Under Construction,"4,998 / sq ft", 64.72 L,1295 ,Kollur,approval by RERA
17,2 BHK Apartment in Syamantaka Emerald Heights,Symantaka Infra,Under Construction,"5,400 / sq ft", 61.83 L,1145 ,Bachupally,approval by RERA
18,3 BHK Apartment in Om Sree Heights,Om Sree Builders And Developers,Under Construction,"6,100 / sq ft", 1.55 Cr,2545 ,Yapral,approval by RERA
19,3 BHK Apartment in Namishree BPS Twin Towers,Namishree Infrastructure And Project Pvt Ltd,Under Construction,"5,800 / sq ft", 1.04 Cr,1800 ,Saidabad,approval by RERA
20,2 BHK Apartment in Sterling Orchids,Sterling Homes PvtLtd,Under Construction,"4,799 / sq ft", 64.54 L,1345 ,Mallampet,approval by RERA
21,4 BHK Villa in NR Infra Ultimus,NR Infra Projects,Ready to move,"4,999 / sq ft", 1.29 Cr,2594 ,Rameswaram Banda,not approval by RERA
22,4 BHK Apartment in Bhavya BHAVYAS THE EUGEN,Bhavya Constructions Pvt Ltd,Under Construction,"12,000 / sq ft", 4.86 Cr,4052 ,Madhapur,approval by RERA
23,2 BHK Apartment in Maram Mihira,Maram Infra Projects PvtLtd,Under Construction,"5,055 / sq ft", 62.93 L,1245 ,Pocharam,approval by RERA
24,4 BHK Independent House in Ridge Tranquil Valley,Ridge Homes LLP,Under Construction,"1,778 / sq ft", 84.45 L,4750 ,Maheshwaram,approval by RERA
25,4 BHK Villa in Giridhari Prospera County,Giridhari Constructions,Under Construction,"15,000 / sq ft", 7.77 Cr,5180 ,Kismatpur,approval by RERA
26,3 BHK Villa in Nest Bliss In The Woods,Nest Makers,Under Construction,"5,475 / sq ft", 2.19 Cr,4000 ,Harshaguda,approval by RERA
27,3 BHK Apartment in Vazhraa Vazhraa Prathik,Vazhraa Nirmaan Pvt Ltd,Under Construction,"6,300 / sq ft", 1.15 Cr,1835 ,Nizampet,approval by RERA
28,2 BHK Apartment in Vaishnavi Houdini,Vaishnavi Infracon India Pvt Ltd,Under Construction,"5,600 / sq ft", 82.65 L,1476 ,Bandlaguda Jagir,approval by RERA
29,4 BHK Villa in APR Praveens Crystal Avenue,APR Group,Under Construction,"7,480 / sq ft", 1.89 Cr,2540 ,Hayathnagar,approval by RERA
30,2 BHK Apartment in Adhireddy Pavan Kumar Reddy Cozy Essence Elite,Cozy Essence Builders,Under Construction,"4,000 / sq ft", 49.72 L,1243 ,Kompally,approval by RERA
31,4 BHK Independent House in Mahaveer Palm Grove,Mahaveer Group,Under Construction,"7,800 / sq ft", 2.65 Cr,3400 ,Begumpet,approval by RERA
32,3 BHK Apartment in Risinia Skyon,Risinia Builders,Under Construction,"5,299 / sq ft", 1.02 Cr,1935 ,Bachupally,approval by RERA
33,2 BHK Apartment in Praneeth Pranav Flora,Praneeth Group,Under Construction,"4,499 / sq ft", 51.87 L,1153 ,Bahadurpally,approval by RERA
34,3 BHK Apartment in Engineers Sri Tirumala Millennium Phase III,EAPL Group,Under Construction,"4,999 / sq ft", 1.09 Cr,2187 ,Mallapur,approval by RERA
35,3 BHK Apartment in Primark De Stature,Primark Developers,Under Construction,"4,499 / sq ft", 93.8 L,2085 ,Kompally,approval by RERA
36,2 BHK Apartment in Beams 4 Blocks,Beams And Columns Builders Private Limited,Under Construction,"5,299 / sq ft", 69.41 L,1310 ,Kompally,approval by RERA
37,3 BHK Apartment in Primark De Stature,Primark Projects Pvt Ltd,Under Construction,"4,499 / sq ft", 93.8 L,2085 ,Kompally,approval by RERA
38,2 BHK Apartment in Trishala Saffron Elite,Trishala Infrastructure,Under Construction,"6,000 / sq ft", 98.52 L,1642 ,Nallagandla Gachibowli,approval by RERA
39,3 BHK Apartment in Maruthi Elite,Maruthi Developers,Ready to move,"5,500 / sq ft", 90.75 L,1650 ,Nizampet,not approval by RERA
40,3 BHK Apartment in Riddhi Golden Nest,Riddhi Group,Ready to move,"6,300 / sq ft", 1.07 Cr,1700 ,Puppalaguda,not approval by RERA
41,2 BHK Apartment in Vajra The Royal Park,Vajra Builders And Developers,Under Construction,"4,200 / sq ft", 53.55 L,1275 ,Bowrampet,approval by RERA
42,3 BHK Villa in Saket Bhusatva Ph II,Saket Engineers Pvt Ltd,Under Construction,"7,749 / sq ft", 2.95 Cr,3813 ,Kompally,approval by RERA
43,2 BHK Apartment in Anuhar Towers,Anuhar Homes Pvt Ltd,Under Construction,"6,350 / sq ft", 83.75 L,1319 ,Manikonda,approval by RERA
44,3 BHK Apartment in Signature Altius,Signature Avenues,Under Construction,"4,999 / sq ft", 1.21 Cr,2425 ,Kollur,approval by RERA
45,3 BHK Apartment in Candeur Crescent,Candeur Developers And Builders,Under Construction,"8,063 / sq ft", 2.07 Cr,2567 ,Serilingampally,approval by RERA
46,2 BHK Apartment in MKT Urban Tree,MKT Praneeth Homes,Under Construction,"3,800 / sq ft", 47.08 L,1239 ,Isnapur,approval by RERA
47,3 BHK Apartment in Vasavi Nandanam,Vasavi Group,Under Construction,"5,500 / sq ft", 1.04 Cr,1900 ,Jeedimetla,approval by RERA
48,3 BHK Apartment in Aavasa Constructions Emerald,Aavasa Constructions,Under Construction,"6,500 / sq ft", 1.52 Cr,2345 ,Saroor Nagar,approval by RERA
49,4 BHK Villa in RV Nirmaan Somwrita,R V Nirmaan Private Limited,Ready to move,"11,692 / sq ft", 3.41 Cr,2925 ,Kismatpur,not approval by RERA
50,2 BHK Apartment in Cybercity Oriana,Cyber City Oriana,Under Construction,"9,310 / sq ft", 1.35 Cr,1450 ,Kukatpally,approval by RERA
51,3 BHK Apartment in G K Casa Grande,G K Constructions,Under Construction,"5,752 / sq ft", 1.2 Cr,2088 ,Yapral,approval by RERA
52,2 BHK Apartment in Srija Twin Towers,Srija Infra Developers Hyderabad,Under Construction,"4,800 / sq ft", 54.67 L,1139 ,Dammaiguda,approval by RERA
53,2 BHK Apartment in GHR Callisto,GHR Infra,Under Construction,"4,799 / sq ft", 62.14 L,1295 ,Kollur,approval by RERA
54,4 BHK Villa in Vishal Sanjivini,Vishal Projects Limited,Under Construction,"10,439 / sq ft", 4.46 Cr,4282 ,Maheshwaram,approval by RERA
55,3 BHK Apartment in Hallmark Sunnyside,Hallmark Builders,Under Construction,"6,799 / sq ft", 1.12 Cr,1650 ,Manchirevula,approval by RERA
56,3 BHK Apartment in IRA Aspiration,Ira Reality,Under Construction,"4,998 / sq ft", 79.71 L,1595 ,Kollur,approval by RERA
57,3 BHK Apartment in Syamantaka Emerald Heights,Symantaka Infra,Under Construction,"5,400 / sq ft", 79.92 L,1480 ,Bachupally,approval by RERA
58,3 BHK Apartment in Om Sree Heights,Om Sree Builders And Developers,Under Construction,"6,100 / sq ft", 1.47 Cr,2420 ,Yapral,approval by RERA
59,3 BHK Apartment in Namishree BPS Twin Towers,Namishree Infrastructure And Project Pvt Ltd,Under Construction,"5,800 / sq ft", 75.69 L,1305 ,Saidabad,approval by RERA
60,2 BHK Apartment in Sterling Orchids,Sterling Homes PvtLtd,Under Construction,"4,799 / sq ft", 50.14 L,1045 ,Mallampet,approval by RERA
61,4 BHK Villa in NR Infra Ultimus,NR Infra Projects,Ready to move,"4,999 / sq ft", 91.18 L,1824 ,Rameswaram Banda,not approval by RERA
62,3 BHK Apartment in Bhavya BHAVYAS THE EUGEN,Bhavya Constructions Pvt Ltd,Under Construction,"12,000 / sq ft", 3.75 Cr,3126 ,Madhapur,approval by RERA
63,3 BHK Apartment in Maram Mihira,Maram Infra Projects PvtLtd,Under Construction,"5,055 / sq ft", 76.33 L,1510 ,Pocharam,approval by RERA
64,4 BHK Villa in Giridhari Prospera County,Giridhari Constructions,Under Construction,"15,000 / sq ft", 9.22 Cr,6150 ,Kismatpur,approval by RERA
65,5 BHK Villa in Nest Bliss In The Woods,Nest Makers,Under Construction,"7,223 / sq ft", 6.5 Cr,9000 ,Harshaguda,approval by RERA
66,3 BHK Apartment in Vazhraa Vazhraa Prathik,Vazhraa Nirmaan Pvt Ltd,Under Construction,"6,300 / sq ft", 1.17 Cr,1870 ,Nizampet,approval by RERA
67,3 BHK Apartment in Vaishnavi Houdini,Vaishnavi Infracon India Pvt Ltd,Under Construction,"5,600 / sq ft", 1.01 Cr,1804 ,Bandlaguda Jagir,approval by RERA
68,4 BHK Villa in APR Praveens Crystal Avenue,APR Group,Under Construction,"7,469 / sq ft", 2.13 Cr,2865 ,Hayathnagar,approval by RERA
69,2 BHK Apartment in Adhireddy Pavan Kumar Reddy Cozy Essence Elite,Cozy Essence Builders,Under Construction,"4,000 / sq ft", 52.16 L,1304 ,Kompally,approval by RERA
70,4 BHK Independent House in Mahaveer Palm Grove,Mahaveer Group,Under Construction,"7,800 / sq ft", 2.34 Cr,3000 ,Begumpet,approval by RERA
71,3 BHK Apartment in Risinia Skyon,Risinia Builders,Under Construction,"5,299 / sq ft", 1.17 Cr,2223 ,Bachupally,approval by RERA
72,3 BHK Apartment in Praneeth Praneeth KKRs Pranav Jaitra,Praneeth Group,Under Construction,"6,899 / sq ft", 2.36 Cr,3435 ,Hyder Nagar,approval by RERA
73,3 BHK Apartment in Engineers Sri Tirumala Millennium Phase III,EAPL Group,Under Construction,"4,999 / sq ft", 1.09 Cr,2187 ,Mallapur,approval by RERA
74,3 BHK Apartment in Primark De Stature,Primark Developers,Under Construction,"4,499 / sq ft", 68.15 L,1515 ,Kompally,approval by RERA
75,2 BHK Apartment in Beams 4 Blocks,Beams And Columns Builders Private Limited,Under Construction,"5,299 / sq ft", 65.97 L,1245 ,Kompally,approval by RERA
76,3 BHK Apartment in Primark De Stature,Primark Projects Pvt Ltd,Under Construction,"4,499 / sq ft", 68.15 L,1515 ,Kompally,approval by RERA
77,3 BHK Apartment in Trishala Saffron Elite,Trishala Infrastructure,Under Construction,"6,000 / sq ft", 94.14 L,1569 ,Nallagandla Gachibowli,approval by RERA
78,2 BHK Apartment in Maruthi Elite,Maruthi Developers,Ready to move,"5,500 / sq ft", 68.75 L,1250 ,Nizampet,not approval by RERA
79,2 BHK Apartment in Riddhi Golden Nest,Riddhi Group,Ready to move,"6,300 / sq ft", 81.77 L,1298 ,Puppalaguda,not approval by RERA
80,3 BHK Apartment in Vajra The Royal Park,Vajra Builders And Developers,Under Construction,"4,200 / sq ft", 70.35 L,1675 ,Bowrampet,approval by RERA
81,3 BHK Villa in Saket Bhusatva Ph II,Saket Engineers Pvt Ltd,Under Construction,"7,749 / sq ft", 1.64 Cr,2122 ,Kompally,approval by RERA
82,3 BHK Apartment in Anuhar Towers,Anuhar Homes Pvt Ltd,Under Construction,"6,350 / sq ft", 1.16 Cr,1841 ,Manikonda,approval by RERA
83,2 BHK Apartment in Signature Altius,Signature Avenues,Under Construction,"4,999 / sq ft", 69.23 L,1385 ,Kollur,approval by RERA
84,3 BHK Apartment in Candeur Crescent,Candeur Developers And Builders,Under Construction,"7,944 / sq ft", 2.11 Cr,2656 ,Serilingampally,approval by RERA
85,2 BHK Apartment in MKT Urban Tree,MKT Praneeth Homes,Under Construction,"3,800 / sq ft", 37.54 L,988 ,Isnapur,approval by RERA
86,3 BHK Apartment in Vasavi Nandanam,Vasavi Group,Under Construction,"5,500 / sq ft", 92.12 L,1675 ,Jeedimetla,approval by RERA
87,3 BHK Apartment in Aavasa Constructions Emerald,Aavasa Constructions,Under Construction,"6,500 / sq ft", 99.77 L,1535 ,Saroor Nagar,approval by RERA
88,4 BHK Villa in RV Nirmaan Somwrita,R V Nirmaan Private Limited,Ready to move,"13,425 / sq ft", 3.51 Cr,2620 ,Kismatpur,not approval by RERA
89,3 BHK Apartment in Cybercity Oriana,Cyber City Oriana,Under Construction,"10,322 / sq ft", 1.6 Cr,1550 ,Kukatpally,approval by RERA
90,4 BHK Apartment in G K Casa Grande,G K Constructions,Under Construction,"5,752 / sq ft", 1.61 Cr,2808 ,Yapral,approval by RERA
91,2 BHK Apartment in Srija Twin Towers,Srija Infra Developers Hyderabad,Under Construction,"4,800 / sq ft", 53.8 L,1121 ,Dammaiguda,approval by RERA
92,2 BHK Apartment in GHR Callisto,GHR Infra,Under Construction,"4,799 / sq ft", 57.34 L,1195 ,Kollur,approval by RERA
93,4 BHK Villa in Vishal Sanjivini,Vishal Projects Limited,Under Construction,"10,616 / sq ft", 4.5 Cr,4239 ,Maheshwaram,approval by RERA
94,2 BHK Apartment in Hallmark Sunnyside,Hallmark Builders,Under Construction,"6,799 / sq ft", 84.98 L,1250 ,Manchirevula,approval by RERA
95,3 BHK Apartment in IRA Aspiration,Ira Reality,Under Construction,"4,998 / sq ft", 1.09 Cr,2195 ,Kollur,approval by RERA
96,3 BHK Apartment in Syamantaka Emerald Heights,Symantaka Infra,Under Construction,"5,400 / sq ft", 78.84 L,1460 ,Bachupally,approval by RERA
97,3 BHK Apartment in Om Sree Heights,Om Sree Builders And Developers,Under Construction,"6,100 / sq ft", 1.28 Cr,2105 ,Yapral,approval by RERA
98,3 BHK Apartment in Namishree BPS Twin Towers,Namishree Infrastructure And Project Pvt Ltd,Under Construction,"5,800 / sq ft", 98.89 L,1705 ,Saidabad,approval by RERA
99,4 BHK Apartment in Sterling Orchids,Sterling Homes PvtLtd,Under Construction,"4,799 / sq ft", 1.98 Cr,4135 ,Mallampet,approval by RERA
100,3 BHK Apartment in Riddhi Golden Nest,Riddhi Group,Ready to move,"6,300 / sq ft", 1.04 Cr,1665 ,Puppalaguda,not approval by RERA
101,4 BHK Villa in Vajra Nature City,Vajra Builders And Developers,Ready to move,"7,000 / sq ft", 1.61 Cr,2300 ,Bachupally,not approval by RERA
102,2 BHK Apartment in Anuhar Towers,Anuhar Homes Pvt Ltd,Under Construction,"6,350 / sq ft", 92.01 L,1449 ,Manikonda,approval by RERA
103,2 BHK Apartment in Anuhar Towers,Anuhar Homes Pvt Ltd,Under Construction,"6,350 / sq ft", 83.56 L,1316 ,Manikonda,approval by RERA
104,2 BHK Apartment in Anuhar Towers,Anuhar Homes Pvt Ltd,Under Construction,"6,350 / sq ft", 91.82 L,1446 ,Manikonda,approval by RERA
105,3 BHK Apartment in Anuhar Towers,Anuhar Homes Pvt Ltd,Under Construction,"6,350 / sq ft", 1.22 Cr,1932 ,Manikonda,approval by RERA
106,3 BHK Apartment in Anuhar Towers,Anuhar Homes Pvt Ltd,Under Construction,"6,350 / sq ft", 1.18 Cr,1874 ,Manikonda,approval by RERA
107,3 BHK Apartment in Anuhar Towers,Anuhar Homes Pvt Ltd,Under Construction,"6,350 / sq ft", 1.06 Cr,1676 ,Manikonda,approval by RERA
108,2 BHK Apartment in Anuhar Towers,Anuhar Homes Pvt Ltd,Under Construction,"6,350 / sq ft", 98.48 L,1551 ,Manikonda,approval by RERA
109,3 BHK Apartment in Anuhar Towers,Anuhar Homes Pvt Ltd,Under Construction,"6,350 / sq ft", 1.22 Cr,1927 ,Manikonda,approval by RERA
110,3 BHK Apartment in Anuhar Towers,Anuhar Homes Pvt Ltd,Under Construction,"6,350 / sq ft", 1.22 Cr,1926 ,Manikonda,approval by RERA
111,3 BHK Apartment in Anuhar Towers,Anuhar Homes Pvt Ltd,Under Construction,"6,350 / sq ft", 1.09 Cr,1732 ,Manikonda,approval by RERA
112,3 BHK Apartment in Signature Altius,Signature Avenues,Under Construction,"4,999 / sq ft", 93.73 L,1875 ,Kollur,approval by RERA
113,2 BHK Apartment in Signature Altius,Signature Avenues,Under Construction,"4,999 / sq ft", 77.48 L,1550 ,Kollur,approval by RERA
114,3 BHK Apartment in Signature Altius,Signature Avenues,Under Construction,"4,999 / sq ft", 90.98 L,1820 ,Kollur,approval by RERA
115,2 BHK Apartment in Signature Altius,Signature Avenues,Under Construction,"4,999 / sq ft", 70.98 L,1420 ,Kollur,approval by RERA
116,3 BHK Apartment in Signature Altius,Signature Avenues,Under Construction,"4,999 / sq ft", 1.09 Cr,2200 ,Kollur,approval by RERA
117,2 BHK Apartment in Signature Altius,Signature Avenues,Under Construction,"4,999 / sq ft", 69.98 L,1400 ,Kollur,approval by RERA
118,2 BHK Apartment in Signature Altius,Signature Avenues,Under Construction,"4,999 / sq ft", 81.73 L,1635 ,Kollur,approval by RERA
119,3 BHK Apartment in Candeur Crescent,Candeur Developers And Builders,Under Construction,"8,004 / sq ft", 1.46 Cr,1824 ,Serilingampally,approval by RERA
120,3 BHK Apartment in Candeur Crescent,Candeur Developers And Builders,Under Construction,"7,763 / sq ft", 1.52 Cr,1958 ,Serilingampally,approval by RERA
121,3 BHK Apartment in Candeur Crescent,Candeur Developers And Builders,Under Construction,"7,913 / sq ft", 2.01 Cr,2540 ,Serilingampally,approval by RERA
122,3 BHK Apartment in Candeur Crescent,Candeur Developers And Builders,Under Construction,"8,073 / sq ft", 1.37 Cr,1697 ,Serilingampally,approval by RERA
123,3 BHK Apartment in Candeur Crescent,Candeur Developers And Builders,Under Construction,"7,987 / sq ft", 1.5 Cr,1878 ,Serilingampally,approval by RERA
124,3 BHK Apartment in Candeur Crescent,Candeur Developers And Builders,Under Construction,"8,050 / sq ft", 1.33 Cr,1652 ,Serilingampally,approval by RERA
125,3 BHK Apartment in Candeur Crescent,Candeur Developers And Builders,Under Construction,"8,076 / sq ft", 1.39 Cr,1721 ,Serilingampally,approval by RERA
126,3 BHK Apartment in Candeur Crescent,Candeur Developers And Builders,Under Construction,"7,751 / sq ft", 1.6 Cr,2064 ,Serilingampally,approval by RERA
127,3 BHK Apartment in Candeur Crescent,Candeur Developers And Builders,Under Construction,"7,807 / sq ft", 1.25 Cr,1601 ,Serilingampally,approval by RERA
128,3 BHK Apartment in Candeur Crescent,Candeur Developers And Builders,Under Construction,"6,899 / sq ft", 1.29 Cr,1877 ,Serilingampally,approval by RERA
129,2 BHK Apartment in MKT Urban Tree,MKT Praneeth Homes,Under Construction,"3,800 / sq ft", 42.82 L,1127 ,Isnapur,approval by RERA
130,2 BHK Apartment in MKT Urban Tree,MKT Praneeth Homes,Under Construction,"3,800 / sq ft", 36.48 L,960 ,Isnapur,approval by RERA
131,2 BHK Apartment in MKT Urban Tree,MKT Praneeth Homes,Under Construction,"3,800 / sq ft", 42.78 L,1126 ,Isnapur,approval by RERA
132,2 BHK Apartment in MKT Urban Tree,MKT Praneeth Homes,Under Construction,"3,800 / sq ft", 38.98 L,1026 ,Isnapur,approval by RERA
133,2 BHK Apartment in MKT Urban Tree,MKT Praneeth Homes,Under Construction,"3,800 / sq ft", 38.3 L,1008 ,Isnapur,approval by RERA
134,2 BHK Apartment in MKT Urban Tree,MKT Praneeth Homes,Under Construction,"3,800 / sq ft", 37.84 L,996 ,Isnapur,approval by RERA
135,2 BHK Apartment in MKT Urban Tree,MKT Praneeth Homes,Under Construction,"3,800 / sq ft", 32.22 L,848 ,Isnapur,approval by RERA
136,3 BHK Apartment in Vasavi Nandanam,Vasavi Group,Under Construction,"5,500 / sq ft", 1.1 Cr,2010 ,Jeedimetla,approval by RERA
137,3 BHK Apartment in Vasavi Nandanam,Vasavi Group,Under Construction,"5,500 / sq ft", 97.9 L,1780 ,Jeedimetla,approval by RERA
138,3 BHK Apartment in Vasavi Nandanam,Vasavi Group,Under Construction,"5,500 / sq ft", 1.09 Cr,1990 ,Jeedimetla,approval by RERA
139,3 BHK Apartment in Vasavi Nandanam,Vasavi Group,Under Construction,"5,500 / sq ft", 96.8 L,1760 ,Jeedimetla,approval by RERA
140,3 BHK Apartment in Vasavi Nandanam,Vasavi Group,Under Construction,"5,500 / sq ft", 85.8 L,1560 ,Jeedimetla,approval by RERA
141,2 BHK Apartment in Vasavi Nandanam,Vasavi Group,Under Construction,"5,500 / sq ft", 67.92 L,1235 ,Jeedimetla,approval by RERA
142,3 BHK Apartment in Vasavi Nandanam,Vasavi Group,Under Construction,"5,500 / sq ft", 91.57 L,1665 ,Jeedimetla,approval by RERA
143,3 BHK Apartment in Aavasa Constructions Emerald,Aavasa Constructions,Under Construction,"6,500 / sq ft", 1.41 Cr,2175 ,Saroor Nagar,approval by RERA
144,3 BHK Apartment in Aavasa Constructions Emerald,Aavasa Constructions,Under Construction,"6,500 / sq ft", 1.26 Cr,1945 ,Saroor Nagar,approval by RERA
145,2 BHK Apartment in Aavasa Constructions Emerald,Aavasa Constructions,Under Construction,"6,500 / sq ft", 77.67 L,1195 ,Saroor Nagar,approval by RERA
146,3 BHK Apartment in Aavasa Constructions Emerald,Aavasa Constructions,Under Construction,"6,500 / sq ft", 1.09 Cr,1685 ,Saroor Nagar,approval by RERA
147,3 BHK Apartment in Aavasa Constructions Emerald,Aavasa Constructions,Under Construction,"6,500 / sq ft", 1.14 Cr,1755 ,Saroor Nagar,approval by RERA
148,3 BHK Apartment in Aavasa Constructions Emerald,Aavasa Constructions,Under Construction,"6,500 / sq ft", 1.64 Cr,2530 ,Saroor Nagar,approval by RERA
149,3 BHK Apartment in Aavasa Constructions Emerald,Aavasa Constructions,Under Construction,"6,500 / sq ft", 1.6 Cr,2465 ,Saroor Nagar,approval by RERA
150,3 BHK Apartment in Aavasa Constructions Emerald,Aavasa Constructions,Under Construction,"6,500 / sq ft", 1.34 Cr,2065 ,Saroor Nagar,approval by RERA
151,4 BHK Villa in RV Nirmaan Somwrita,R V Nirmaan Private Limited,Ready to move,"11,566 / sq ft", 3.32 Cr,2879 ,Kismatpur,not approval by RERA
152,2 BHK Apartment in Cybercity Oriana,Cyber City Oriana,Under Construction,"10,344 / sq ft", 1.2 Cr,1160 ,Kukatpally,approval by RERA
153,3 BHK Apartment in Riddhi Pramukh Elegance,Riddhi Group,Under Construction,"5,600 / sq ft", 1.03 Cr,1840 ,Jeedimetla,approval by RERA
154,3 BHK Apartment in Riddhi Pramukh Elegance,Riddhi Group,Under Construction,"5,600 / sq ft", 84.56 L,1510 ,Jeedimetla,approval by RERA
155,3 BHK Apartment in Riddhi Pramukh Elegance,Riddhi Group,Under Construction,"5,600 / sq ft", 1.1 Cr,1975 ,Jeedimetla,approval by RERA
156,3 BHK Apartment in Riddhi Pramukh Elegance,Riddhi Group,Under Construction,"5,600 / sq ft", 1.06 Cr,1910 ,Jeedimetla,approval by RERA
157,3 BHK Apartment in Riddhi Pramukh Elegance,Riddhi Group,Under Construction,"5,600 / sq ft", 1.14 Cr,2040 ,Jeedimetla,approval by RERA
158,4 BHK Apartment in Riddhi Pramukh Elegance,Riddhi Group,Under Construction,"5,600 / sq ft", 1.62 Cr,2910 ,Jeedimetla,approval by RERA
159,3 BHK Apartment in Riddhi Pramukh Elegance,Riddhi Group,Under Construction,"5,600 / sq ft", 1.1 Cr,1980 ,Jeedimetla,approval by RERA
160,3 BHK Apartment in Riddhi Pramukh Elegance,Riddhi Group,Under Construction,"5,600 / sq ft", 1.13 Cr,2030 ,Jeedimetla,approval by RERA
161,2 BHK Apartment in Riddhi Pramukh Elegance,Riddhi Group,Under Construction,"5,600 / sq ft", 61.6 L,1100 ,Jeedimetla,approval by RERA
162,3 BHK Apartment in Riddhi Pramukh Elegance,Riddhi Group,Under Construction,"5,600 / sq ft", 1.02 Cr,1830 ,Jeedimetla,approval by RERA
163,2 BHK Apartment in Riddhi Pramukh Elegance,Riddhi Group,Under Construction,"5,600 / sq ft", 68.88 L,1230 ,Jeedimetla,approval by RERA
164,3 BHK Apartment in Riddhi Pramukh Elegance,Riddhi Group,Under Construction,"5,600 / sq ft", 89.88 L,1605 ,Jeedimetla,approval by RERA
165,3 BHK Apartment in Riddhi Pramukh Elegance,Riddhi Group,Under Construction,"5,600 / sq ft", 1.16 Cr,2080 ,Jeedimetla,approval by RERA
166,3 BHK Apartment in Riddhi Pramukh Elegance,Riddhi Group,Under Construction,"5,600 / sq ft", 1.39 Cr,2495 ,Jeedimetla,approval by RERA
167,2 BHK Apartment in Riddhi Pramukh Elegance,Riddhi Group,Under Construction,"5,600 / sq ft", 66.92 L,1195 ,Jeedimetla,approval by RERA
168,4 BHK Apartment in Riddhi Pramukh Elegance,Riddhi Group,Under Construction,"5,600 / sq ft", 1.69 Cr,3030 ,Jeedimetla,approval by RERA
169,3 BHK Apartment in Riddhi Pramukh Elegance,Riddhi Group,Under Construction,"5,600 / sq ft", 1.07 Cr,1915 ,Jeedimetla,approval by RERA
170,3 BHK Apartment in Riddhi Pramukh Elegance,Riddhi Group,Under Construction,"5,600 / sq ft", 1.45 Cr,2590 ,Jeedimetla,approval by RERA
171,4 BHK Apartment in Riddhi Pramukh Elegance,Riddhi Group,Under Construction,"5,600 / sq ft", 1.76 Cr,3150 ,Jeedimetla,approval by RERA
172,3 BHK Apartment in Riddhi Pramukh Elegance,Riddhi Group,Under Construction,"5,600 / sq ft", 1.23 Cr,2200 ,Jeedimetla,approval by RERA
173,2 BHK Apartment in Riddhi Pramukh Elegance,Riddhi Group,Under Construction,"5,600 / sq ft", 63.56 L,1135 ,Jeedimetla,approval by RERA
174,3 BHK Apartment in Riddhi Pramukh Elegance,Riddhi Group,Under Construction,"5,600 / sq ft", 1.04 Cr,1865 ,Jeedimetla,approval by RERA
175,3 BHK Apartment in G K Zenith,G K Constructions,Under Construction,"5,400 / sq ft", 93.69 L,1735 ,Yapral,approval by RERA
176,2 BHK Apartment in G K Zenith,G K Constructions,Under Construction,"5,400 / sq ft", 65.88 L,1220 ,Yapral,approval by RERA
177,3 BHK Apartment in G K Zenith,G K Constructions,Under Construction,"5,400 / sq ft", 93.69 L,1735 ,Yapral,approval by RERA
178,3 BHK Apartment in G K Zenith,G K Constructions,Under Construction,"5,400 / sq ft", 89.1 L,1650 ,Yapral,approval by RERA
179,2 BHK Apartment in G K Zenith,G K Constructions,Under Construction,"5,400 / sq ft", 65.88 L,1220 ,Yapral,approval by RERA
180,2 BHK Apartment in G K Zenith,G K Constructions,Under Construction,"5,407 / sq ft", 63.8 L,1180 ,Yapral,approval by RERA
181,3 BHK Apartment in G K Zenith,G K Constructions,Under Construction,"5,400 / sq ft", 89.1 L,1650 ,Yapral,approval by RERA
182,3 BHK Apartment in G K Zenith,G K Constructions,Under Construction,"5,400 / sq ft", 94.5 L,1750 ,Yapral,approval by RERA
183,2 BHK Apartment in G K Zenith,G K Constructions,Under Construction,"5,407 / sq ft", 63.8 L,1180 ,Yapral,approval by RERA
184,2 BHK Apartment in G K Zenith,G K Constructions,Under Construction,"5,400 / sq ft", 64.8 L,1200 ,Yapral,approval by RERA
185,3 BHK Apartment in G K Zenith,G K Constructions,Under Construction,"5,400 / sq ft", 94.5 L,1750 ,Yapral,approval by RERA
186,2 BHK Apartment in Srija Twin Towers,Srija Infra Developers Hyderabad,Under Construction,"4,800 / sq ft", 50.49 L,1052 ,Dammaiguda,approval by RERA
187,2 BHK Apartment in Srija Twin Towers,Srija Infra Developers Hyderabad,Under Construction,"4,800 / sq ft", 59.85 L,1247 ,Dammaiguda,approval by RERA
188,3 BHK Apartment in Srija Twin Towers,Srija Infra Developers Hyderabad,Under Construction,"4,800 / sq ft", 69.98 L,1458 ,Dammaiguda,approval by RERA
189,2 BHK Apartment in Srija Twin Towers,Srija Infra Developers Hyderabad,Under Construction,"4,800 / sq ft", 57.6 L,1200 ,Dammaiguda,approval by RERA
190,2 BHK Apartment in Vasavi Metropolis,Vasavi Group,Under Construction,"5,705 / sq ft", 60.7 L,1065 ,Uppal Kalan,approval by RERA
191,3 BHK Apartment in Vasavi Metropolis,Vasavi Group,Under Construction,"5,700 / sq ft", 97.18 L,1705 ,Uppal Kalan,approval by RERA
192,3 BHK Apartment in Vasavi Metropolis,Vasavi Group,Under Construction,"5,700 / sq ft", 78.66 L,1380 ,Uppal Kalan,approval by RERA
193,2 BHK Apartment in Vasavi Metropolis,Vasavi Group,Under Construction,"5,700 / sq ft", 68.11 L,1195 ,Uppal Kalan,approval by RERA
194,3 BHK Apartment in Vasavi Metropolis,Vasavi Group,Under Construction,"5,700 / sq ft", 1.02 Cr,1790 ,Uppal Kalan,approval by RERA
195,3 BHK Apartment in Vasavi Metropolis,Vasavi Group,Under Construction,"5,700 / sq ft", 92.91 L,1630 ,Uppal Kalan,approval by RERA
196,3 BHK Apartment in GHR Callisto,GHR Infra,Under Construction,"4,799 / sq ft", 91.9 L,1915 ,Kollur,approval by RERA
197,3 BHK Apartment in GHR Callisto,GHR Infra,Under Construction,"4,799 / sq ft", 77.98 L,1625 ,Kollur,approval by RERA
198,3 BHK Apartment in GHR Callisto,GHR Infra,Under Construction,"4,799 / sq ft", 68.62 L,1430 ,Kollur,approval by RERA
199,2 BHK Apartment in G K Festoon,G K Constructions,Ready to move,"5,400 / sq ft", 72.63 L,1345 ,Sainikpuri,not approval by RERA
200,3 BHK Apartment in G K Festoon,G K Constructions,Ready to move,"5,400 / sq ft", 99.79 L,1848 ,Sainikpuri,not approval by RERA
201,3 BHK Apartment in G K Festoon,G K Constructions,Ready to move,"5,400 / sq ft", 1.1 Cr,2050 ,Sainikpuri,not approval by RERA
202,3 BHK Apartment in G K Festoon,G K Constructions,Ready to move,"5,400 / sq ft", 1.05 Cr,1955 ,Sainikpuri,not approval by RERA
203,3 BHK Apartment in G K Festoon,G K Constructions,Ready to move,"5,400 / sq ft", 1.07 Cr,1992 ,Sainikpuri,not approval by RERA
204,4 BHK Villa in Vishal Sanjivini,Vishal Projects Limited,Under Construction,"9,666 / sq ft", 4.57 Cr,4738 ,Maheshwaram,approval by RERA
205,4 BHK Villa in Vishal Sanjivini,Vishal Projects Limited,Under Construction,"9,009 / sq ft", 3.19 Cr,3552 ,Maheshwaram,approval by RERA
206,4 BHK Villa in Vishal Sanjivini,Vishal Projects Limited,Under Construction,"9,215 / sq ft", 2.95 Cr,3212 ,Maheshwaram,approval by RERA
207,3 BHK Apartment in Hallmark Sunnyside,Hallmark Builders,Under Construction,"6,799 / sq ft", 1.28 Cr,1885 ,Manchirevula,approval by RERA
208,3 BHK Apartment in Hallmark Sunnyside,Hallmark Builders,Under Construction,"6,799 / sq ft", 1.23 Cr,1818 ,Manchirevula,approval by RERA
209,3 BHK Apartment in Hallmark Sunnyside,Hallmark Builders,Under Construction,"6,799 / sq ft", 1.39 Cr,2050 ,Manchirevula,approval by RERA
210,3 BHK Apartment in Hallmark Sunnyside,Hallmark Builders,Under Construction,"6,799 / sq ft", 1.39 Cr,2047 ,Manchirevula,approval by RERA
211,3 BHK Apartment in Hallmark Sunnyside,Hallmark Builders,Under Construction,"6,799 / sq ft", 1.16 Cr,1717 ,Manchirevula,approval by RERA
212,3 BHK Apartment in Hallmark Skyrena,Hallmark Builders,Under Construction,"7,099 / sq ft", 1.16 Cr,1635 ,Narsingi,approval by RERA
213,3 BHK Apartment in Hallmark Skyrena,Hallmark Builders,Under Construction,"7,099 / sq ft", 1.16 Cr,1635 ,Narsingi,approval by RERA
214,2 BHK Apartment in Hallmark Sunnyside,Hallmark Builders,Under Construction,"6,799 / sq ft", 87.7 L,1290 ,Manchirevula,approval by RERA
215,3 BHK Apartment in Hallmark Skyrena,Hallmark Builders,Under Construction,"7,099 / sq ft", 1.6 Cr,2255 ,Narsingi,approval by RERA
216,3 BHK Apartment in Hallmark Skyrena,Hallmark Builders,Under Construction,"7,099 / sq ft", 1.6 Cr,2255 ,Narsingi,approval by RERA
217,3 BHK Apartment in Hallmark Sunnyside,Hallmark Builders,Under Construction,"6,799 / sq ft", 1.25 Cr,1853 ,Manchirevula,approval by RERA
218,2 BHK Apartment in Hallmark Skyrena,Hallmark Builders,Under Construction,"7,099 / sq ft", 94.06 L,1325 ,Narsingi,approval by RERA
219,2 BHK Apartment in Hallmark Skyrena,Hallmark Builders,Under Construction,"7,099 / sq ft", 94.06 L,1325 ,Narsingi,approval by RERA
220,3 BHK Apartment in Hallmark Sunnyside,Hallmark Builders,Under Construction,"6,799 / sq ft", 1.4 Cr,2063 ,Manchirevula,approval by RERA
221,3 BHK Apartment in Hallmark Skyrena,Hallmark Builders,Under Construction,"7,099 / sq ft", 1.37 Cr,1935 ,Narsingi,approval by RERA
222,3 BHK Apartment in Hallmark Skyrena,Hallmark Builders,Under Construction,"7,099 / sq ft", 1.37 Cr,1935 ,Narsingi,approval by RERA
223,4 BHK Apartment in Hallmark Treasor,Hallmark Builders,Under Construction,"7,799 / sq ft", 3.96 Cr,5080 ,Gandipet,approval by RERA
224,4 BHK Apartment in Hallmark Treasor,Hallmark Builders,Under Construction,"7,799 / sq ft", 3.96 Cr,5080 ,Gandipet,approval by RERA
225,3 BHK Apartment in Hallmark Treasor,Hallmark Builders,Under Construction,"7,799 / sq ft", 2.98 Cr,3830 ,Gandipet,approval by RERA
226,3 BHK Apartment in Hallmark Treasor,Hallmark Builders,Under Construction,"7,799 / sq ft", 2.98 Cr,3830 ,Gandipet,approval by RERA
227,3 BHK Apartment in Hallmark Treasor,Hallmark Builders,Under Construction,"7,803 / sq ft", 1.32 Cr,1695 ,Gandipet,approval by RERA
228,3 BHK Apartment in Hallmark Treasor,Hallmark Builders,Under Construction,"7,803 / sq ft", 1.32 Cr,1695 ,Gandipet,approval by RERA
229,4 BHK Apartment in Hallmark Treasor,Hallmark Builders,Under Construction,"7,799 / sq ft", 2.75 Cr,3530 ,Gandipet,approval by RERA
230,4 BHK Apartment in Hallmark Treasor,Hallmark Builders,Under Construction,"7,799 / sq ft", 2.75 Cr,3530 ,Gandipet,approval by RERA
231,3 BHK Apartment in IRA Aspiration,Ira Reality,Under Construction,"4,998 / sq ft", 74.72 L,1495 ,Kollur,approval by RERA
232,3 BHK Apartment in IRA Aspiration,Ira Reality,Under Construction,"4,998 / sq ft", 94.71 L,1895 ,Kollur,approval by RERA
233,4 BHK Villa in IRA Elevate Villas,Ira Reality,Under Construction,"11,000 / sq ft", 6.73 Cr,6125 ,Mamidipally,approval by RERA
234,4 BHK Villa in IRA Elevate Villas,Ira Reality,Under Construction,"11,000 / sq ft", 6.71 Cr,6105 ,Mamidipally,approval by RERA
235,3 BHK Apartment in IRA Miracle,Ira Reality,Under Construction,"5,299 / sq ft", 1.14 Cr,2155 ,Kollur,approval by RERA
236,3 BHK Apartment in IRA Miracle,Ira Reality,Under Construction,"5,299 / sq ft", 1.3 Cr,2455 ,Kollur,approval by RERA
237,3 BHK Apartment in IRA Miracle,Ira Reality,Under Construction,"5,299 / sq ft", 98.29 L,1855 ,Kollur,approval by RERA
238,3 BHK Apartment in IRA Miracle,Ira Reality,Under Construction,"5,299 / sq ft", 87.69 L,1655 ,Kollur,approval by RERA
239,3 BHK Apartment in Cybercity Westbrook,Cyber City Oriana,Under Construction,"7,501 / sq ft", 1.1 Cr,1471 ,Kokapet,approval by RERA
240,3 BHK Apartment in Cybercity Westbrook,Cyber City Oriana,Under Construction,"7,499 / sq ft", 1.57 Cr,2100 ,Kokapet,approval by RERA
241,3 BHK Apartment in Cybercity Westbrook,Cyber City Oriana,Under Construction,"7,499 / sq ft", 1.46 Cr,1950 ,Kokapet,approval by RERA
242,2 BHK Apartment in Cybercity Westbrook,Cyber City Oriana,Under Construction,"7,501 / sq ft", 80.64 L,1075 ,Kokapet,approval by RERA
243,4 BHK Apartment in Cybercity Westbrook,Cyber City Oriana,Under Construction,"7,501 / sq ft", 1.8 Cr,2401 ,Kokapet,approval by RERA
244,3 BHK Apartment in Cybercity Westbrook,Cyber City Oriana,Under Construction,"7,499 / sq ft", 1.36 Cr,1825 ,Kokapet,approval by RERA
245,3 BHK Apartment in Cybercity Westbrook,Cyber City Oriana,Under Construction,"7,499 / sq ft", 1.24 Cr,1660 ,Kokapet,approval by RERA
246,2 BHK Apartment in Cybercity Westbrook,Cyber City Oriana,Under Construction,"7,501 / sq ft", 90.76 L,1210 ,Kokapet,approval by RERA
247,3 BHK Apartment in Cybercity Westbrook,Cyber City Oriana,Under Construction,"7,501 / sq ft", 1.65 Cr,2211 ,Kokapet,approval by RERA
248,3 BHK Apartment in Cybercity Westbrook,Cyber City Oriana,Under Construction,"7,499 / sq ft", 1.29 Cr,1730 ,Kokapet,approval by RERA
249,3 BHK Apartment in Anuhar Rami Reddy Towers,Anuhar Homes Pvt Ltd,Under Construction,"6,400 / sq ft", 1.79 Cr,2810 ,Manikonda,approval by RERA
250,3 BHK Apartment in Anuhar Rami Reddy Towers,Anuhar Homes Pvt Ltd,Under Construction,"6,400 / sq ft", 1.09 Cr,1704 ,Manikonda,approval by RERA
251,2 BHK Apartment in Anuhar Rami Reddy Towers,Anuhar Homes Pvt Ltd,Under Construction,"6,400 / sq ft", 92.16 L,1440 ,Manikonda,approval by RERA
252,3 BHK Apartment in Anuhar Rami Reddy Towers,Anuhar Homes Pvt Ltd,Under Construction,"6,400 / sq ft", 1.18 Cr,1847 ,Manikonda,approval by RERA
253,3 BHK Apartment in Anuhar Rami Reddy Towers,Anuhar Homes Pvt Ltd,Under Construction,"6,400 / sq ft", 1.13 Cr,1780 ,Manikonda,approval by RERA
254,3 BHK Apartment in Anuhar Rami Reddy Towers,Anuhar Homes Pvt Ltd,Under Construction,"6,400 / sq ft", 1.79 Cr,2810 ,Manikonda,approval by RERA
255,3 BHK Apartment in Anuhar Rami Reddy Towers,Anuhar Homes Pvt Ltd,Under Construction,"6,400 / sq ft", 1.61 Cr,2521 ,Manikonda,approval by RERA
256,3 BHK Apartment in Anuhar Rami Reddy Towers,Anuhar Homes Pvt Ltd,Under Construction,"6,400 / sq ft", 1.09 Cr,1704 ,Manikonda,approval by RERA
257,3 BHK Apartment in Anuhar Rami Reddy Towers,Anuhar Homes Pvt Ltd,Under Construction,"6,400 / sq ft", 1.29 Cr,2019 ,Manikonda,approval by RERA
258,2 BHK Apartment in Anuhar Rami Reddy Towers,Anuhar Homes Pvt Ltd,Under Construction,"6,400 / sq ft", 92.16 L,1440 ,Manikonda,approval by RERA
259,3 BHK Apartment in Anuhar Rami Reddy Towers,Anuhar Homes Pvt Ltd,Under Construction,"6,400 / sq ft", 1.16 Cr,1821 ,Manikonda,approval by RERA
260,3 BHK Apartment in Anuhar Rami Reddy Towers,Anuhar Homes Pvt Ltd,Under Construction,"6,400 / sq ft", 1.18 Cr,1847 ,Manikonda,approval by RERA
261,3 BHK Apartment in Anuhar Rami Reddy Towers,Anuhar Homes Pvt Ltd,Under Construction,"6,400 / sq ft", 1.25 Cr,1960 ,Manikonda,approval by RERA
262,3 BHK Apartment in Anuhar Rami Reddy Towers,Anuhar Homes Pvt Ltd,Under Construction,"6,400 / sq ft", 1.13 Cr,1780 ,Manikonda,approval by RERA
263,3 BHK Apartment in Anuhar Rami Reddy Towers,Anuhar Homes Pvt Ltd,Under Construction,"6,400 / sq ft", 1.16 Cr,1825 ,Manikonda,approval by RERA
264,3 BHK Apartment in Anuhar Rami Reddy Towers,Anuhar Homes Pvt Ltd,Under Construction,"6,400 / sq ft", 1.61 Cr,2521 ,Manikonda,approval by RERA
265,3 BHK Apartment in Anuhar Rami Reddy Towers,Anuhar Homes Pvt Ltd,Under Construction,"6,400 / sq ft", 1.12 Cr,1758 ,Manikonda,approval by RERA
266,3 BHK Apartment in Anuhar Rami Reddy Towers,Anuhar Homes Pvt Ltd,Under Construction,"6,400 / sq ft", 1.29 Cr,2019 ,Manikonda,approval by RERA
267,3 BHK Apartment in Anuhar Rami Reddy Towers,Anuhar Homes Pvt Ltd,Under Construction,"6,400 / sq ft", 1.16 Cr,1821 ,Manikonda,approval by RERA
268,3 BHK Apartment in Anuhar Rami Reddy Towers,Anuhar Homes Pvt Ltd,Under Construction,"6,400 / sq ft", 1.21 Cr,1896 ,Manikonda,approval by RERA
269,3 BHK Apartment in Anuhar Rami Reddy Towers,Anuhar Homes Pvt Ltd,Under Construction,"6,400 / sq ft", 1.25 Cr,1960 ,Manikonda,approval by RERA
270,3 BHK Apartment in Anuhar Rami Reddy Towers,Anuhar Homes Pvt Ltd,Under Construction,"6,400 / sq ft", 1.16 Cr,1825 ,Manikonda,approval by RERA
271,3 BHK Apartment in Anuhar Rami Reddy Towers,Anuhar Homes Pvt Ltd,Under Construction,"6,400 / sq ft", 1.17 Cr,1830 ,Manikonda,approval by RERA
272,3 BHK Apartment in Anuhar Rami Reddy Towers,Anuhar Homes Pvt Ltd,Under Construction,"6,400 / sq ft", 1.12 Cr,1758 ,Manikonda,approval by RERA
273,3 BHK Apartment in Anuhar Rami Reddy Towers,Anuhar Homes Pvt Ltd,Under Construction,"6,400 / sq ft", 1.15 Cr,1803 ,Manikonda,approval by RERA
274,3 BHK Apartment in Anuhar Rami Reddy Towers,Anuhar Homes Pvt Ltd,Under Construction,"6,400 / sq ft", 1.21 Cr,1896 ,Manikonda,approval by RERA
275,2 BHK Apartment in Anuhar Rami Reddy Towers,Anuhar Homes Pvt Ltd,Under Construction,"6,400 / sq ft", 85.88 L,1342 ,Manikonda,approval by RERA
276,3 BHK Apartment in Anuhar Rami Reddy Towers,Anuhar Homes Pvt Ltd,Under Construction,"6,400 / sq ft", 1.17 Cr,1830 ,Manikonda,approval by RERA
277,3 BHK Apartment in Anuhar Rami Reddy Towers,Anuhar Homes Pvt Ltd,Under Construction,"6,400 / sq ft", 1.19 Cr,1872 ,Manikonda,approval by RERA
278,3 BHK Apartment in Anuhar Rami Reddy Towers,Anuhar Homes Pvt Ltd,Under Construction,"6,400 / sq ft", 1.15 Cr,1803 ,Manikonda,approval by RERA
279,3 BHK Apartment in Anuhar Rami Reddy Towers,Anuhar Homes Pvt Ltd,Under Construction,"6,400 / sq ft", 1.24 Cr,1941 ,Manikonda,approval by RERA
280,2 BHK Apartment in Anuhar Rami Reddy Towers,Anuhar Homes Pvt Ltd,Under Construction,"6,400 / sq ft", 85.88 L,1342 ,Manikonda,approval by RERA
281,3 BHK Apartment in Anuhar Rami Reddy Towers,Anuhar Homes Pvt Ltd,Under Construction,"6,400 / sq ft", 1.19 Cr,1872 ,Manikonda,approval by RERA
282,3 BHK Apartment in Anuhar Rami Reddy Towers,Anuhar Homes Pvt Ltd,Under Construction,"6,400 / sq ft", 1.03 Cr,1616 ,Manikonda,approval by RERA
283,3 BHK Apartment in Anuhar Rami Reddy Towers,Anuhar Homes Pvt Ltd,Under Construction,"6,400 / sq ft", 1.24 Cr,1941 ,Manikonda,approval by RERA
284,3 BHK Apartment in Anuhar Rami Reddy Towers,Anuhar Homes Pvt Ltd,Under Construction,"6,400 / sq ft", 1.73 Cr,2712 ,Manikonda,approval by RERA
285,3 BHK Apartment in Anuhar Rami Reddy Towers,Anuhar Homes Pvt Ltd,Under Construction,"6,400 / sq ft", 1.03 Cr,1616 ,Manikonda,approval by RERA
286,3 BHK Apartment in Anuhar Rami Reddy Towers,Anuhar Homes Pvt Ltd,Under Construction,"6,400 / sq ft", 1.14 Cr,1785 ,Manikonda,approval by RERA
287,3 BHK Apartment in Anuhar Rami Reddy Towers,Anuhar Homes Pvt Ltd,Under Construction,"6,400 / sq ft", 1.73 Cr,2712 ,Manikonda,approval by RERA
288,3 BHK Apartment in Anuhar Rami Reddy Towers,Anuhar Homes Pvt Ltd,Under Construction,"6,400 / sq ft", 1.14 Cr,1785 ,Manikonda,approval by RERA
289,3 BHK Apartment in Anuhar Rami Reddy Towers,Anuhar Homes Pvt Ltd,Under Construction,"6,400 / sq ft", 1.57 Cr,2468 ,Manikonda,approval by RERA
290,3 BHK Apartment in Anuhar Rami Reddy Towers,Anuhar Homes Pvt Ltd,Under Construction,"6,400 / sq ft", 1.57 Cr,2468 ,Manikonda,approval by RERA
291,3 BHK Apartment in Om Sree Heights,Om Sree Builders And Developers,Under Construction,"6,100 / sq ft", 1.69 Cr,2780 ,Yapral,approval by RERA
292,3 BHK Apartment in Om Sree Heights,Om Sree Builders And Developers,Under Construction,"6,100 / sq ft", 1.26 Cr,2070 ,Yapral,approval by RERA
293,3 BHK Apartment in Namishree BPS Twin Towers,Namishree Infrastructure And Project Pvt Ltd,Under Construction,"5,800 / sq ft", 93.49 L,1612 ,Saidabad,approval by RERA
294,2 BHK Apartment in Namishree BPS Twin Towers,Namishree Infrastructure And Project Pvt Ltd,Under Construction,"5,800 / sq ft", 74.53 L,1285 ,Saidabad,approval by RERA
295,2 BHK Apartment in Namishree BPS Twin Towers,Namishree Infrastructure And Project Pvt Ltd,Under Construction,"5,800 / sq ft", 60.9 L,1050 ,Saidabad,approval by RERA
296,3 BHK Apartment in Namishree BPS Twin Towers,Namishree Infrastructure And Project Pvt Ltd,Under Construction,"5,800 / sq ft", 81.02 L,1397 ,Saidabad,approval by RERA
297,3 BHK Apartment in Namishree BPS Twin Towers,Namishree Infrastructure And Project Pvt Ltd,Under Construction,"5,800 / sq ft", 80.91 L,1395 ,Saidabad,approval by RERA
298,3 BHK Apartment in Sterling Orchids,Sterling Homes PvtLtd,Under Construction,"4,799 / sq ft", 93.58 L,1950 ,Mallampet,approval by RERA
299,3 BHK Apartment in Sterling Orchids,Sterling Homes PvtLtd,Under Construction,"4,799 / sq ft", 77.98 L,1625 ,Mallampet,approval by RERA
300,3 BHK Apartment in Om Sree Brilliance,Om Sree Builders And Developers,Under Construction,"6,100 / sq ft", 1.34 Cr,2200 ,Sainikpuri,approval by RERA
301,3 BHK Apartment in Om Sree Brilliance,Om Sree Builders And Developers,Under Construction,"6,100 / sq ft", 1.33 Cr,2195 ,Sainikpuri,approval by RERA
302,3 BHK Apartment in Om Sree Brilliance,Om Sree Builders And Developers,Under Construction,"6,100 / sq ft", 1.29 Cr,2130 ,Sainikpuri,approval by RERA
303,3 BHK Apartment in Om Sree Brilliance,Om Sree Builders And Developers,Under Construction,"6,100 / sq ft", 1.3 Cr,2140 ,Sainikpuri,approval by RERA
304,4 BHK Villa in NR Infra Ultimus,NR Infra Projects,Ready to move,"4,999 / sq ft", 1.24 Cr,2500 ,Rameswaram Banda,not approval by RERA
305,4 BHK Villa in NR Infra Ultimus,NR Infra Projects,Ready to move,"4,999 / sq ft", 1.2 Cr,2420 ,Rameswaram Banda,not approval by RERA
306,4 BHK Villa in NR Infra Ultimus,NR Infra Projects,Ready to move,"4,999 / sq ft", 99.98 L,2000 ,Rameswaram Banda,not approval by RERA
307,2 BHK Apartment in Maram Mihira,Maram Infra Projects PvtLtd,Under Construction,"5,055 / sq ft", 65.96 L,1305 ,Pocharam,approval by RERA
308,3 BHK Apartment in Maram Mihira,Maram Infra Projects PvtLtd,Under Construction,"5,055 / sq ft", 86.44 L,1710 ,Pocharam,approval by RERA
309,3 BHK Apartment in Maram Mihira,Maram Infra Projects PvtLtd,Under Construction,"5,055 / sq ft", 1.17 Cr,2315 ,Pocharam,approval by RERA
310,3 BHK Apartment in Maram Mihira,Maram Infra Projects PvtLtd,Under Construction,"5,055 / sq ft", 1.06 Cr,2115 ,Pocharam,approval by RERA
311,3 BHK Apartment in Maram Mihira,Maram Infra Projects PvtLtd,Under Construction,"5,055 / sq ft", 96.8 L,1915 ,Pocharam,approval by RERA
312,2 BHK Apartment in Maram Mihira,Maram Infra Projects PvtLtd,Under Construction,"5,055 / sq ft", 59.14 L,1170 ,Pocharam,approval by RERA
313,4 BHK Villa in Northstar Hillside,seller,Ready to move,"20,000 / sq ft", 14 Cr,7000 ,Gandipet,not approval by RERA
314,3 BHK Apartment,seller,Ready to move,"4,246 / sq ft", 62 L,1460 ,Dilsukh Nagar,not approval by RERA
315,2 BHK Independent House,seller,Ready to move,"6,363 / sq ft", 70 L,1100 ,Laxmiguda,not approval by RERA
316,2 BHK Apartment,seller,Under Construction,"4,833 / sq ft", 58 L,1200 ,Pragathi Nagar Kukatpally,not approval by RERA
317,2 BHK Apartment in Greenmetro Tulasi Bhagyanagar,seller,Ready to move,"4,300 / sq ft", 64.5 L,1500 ,Gagillapur,not approval by RERA
318,2 BHK Apartment,seller,Under Construction,"5,000 / sq ft", 60 L,1200 ,Kompally,not approval by RERA
319,2 BHK Apartment,seller,Ready to move,"4,000 / sq ft", 40 L,1000 ,Kapra,not approval by RERA
320,2 BHK Apartment,seller,Ready to move,"4,000 / sq ft", 40 L,1000 ,Kapra,not approval by RERA
321,2 BHK Apartment in Shree Anurag Sri Sai Anurag New Town Phase 2,seller,Ready to move,"4,744 / sq ft", 40 L,843 ,Thumkunta,not approval by RERA
322,2 BHK Apartment in Idream Sai RKs Oxygen Homes,seller,Under Construction,"3,968 / sq ft", 50 L,1260 ,Gajulramaram Kukatpally,approval by RERA
323,3 BHK Apartment in Swaraj Homes Mandadi Mansion,seller,Ready to move,"6,505 / sq ft", 1.04 Cr,1614 ,Saroor Nagar,not approval by RERA
324,2 BHK Independent House,seller,Ready to move,"4,761 / sq ft", 50 L,1050 ,Laxmiguda,not approval by RERA
325,3 BHK Apartment,seller,Ready to move,"4,736 / sq ft", 72 L,1520 ,Puppalaguda,not approval by RERA
326,3 BHK Independent House,seller,Ready to move,"4,500 / sq ft", 1.8 Cr,4000 ,Vanasthalipuram,not approval by RERA
327,2 BHK Apartment in Concept Onyx,seller,Ready to move,"5,038 / sq ft", 65 L,1290 ,Kompally,not approval by RERA
328,2 BHK Independent House,seller,Ready to move,"5,619 / sq ft", 59 L,1050 ,Laxmiguda,not approval by RERA
329,2 BHK Apartment,seller,Ready to move,"4,900 / sq ft", 62.08 L,1267 ,Bachupally,not approval by RERA
330,4 BHK Apartment in Tripura Gayathri Classic,seller,Ready to move,"6,715 / sq ft", 74 L,1102 ,Nallagandla Gachibowli,not approval by RERA
331,2 BHK Apartment,seller,Ready to move,"3,864 / sq ft", 40 L,1035 ,Suraram,not approval by RERA
332,3 BHK Apartment in Ohana Summit,seller,Ready to move,"5,852 / sq ft", 91 L,1555 ,Kukatpally,not approval by RERA
333,2 BHK Apartment,seller,Ready to move,"5,735 / sq ft", 55 L,959 ,Manikonda,not approval by RERA
334,2 BHK Apartment,seller,Ready to move,"5,630 / sq ft", 54 L,959 ,Manikonda,not approval by RERA
335,7 BHK Independent House,seller,Ready to move,"3,365 / sq ft", 1.75 Cr,5200 ,Nagaram,not approval by RERA
336,2 BHK Apartment in Spectra Metro Heights,seller,Ready to move,"5,872 / sq ft", 73 L,1243 ,Nagole,not approval by RERA
337,2 BHK Apartment in Subishi Town Centre,seller,Ready to move,"5,092 / sq ft", 55 L,1080 ,Mokila,not approval by RERA
338,2 BHK Apartment,seller,Ready to move,"6,857 / sq ft", 72 L,1050 ,Masab Tank,not approval by RERA
339,4 BHK Independent House,seller,Ready to move,"19,318 / sq ft", 4.25 Cr,2200 ,Tarnaka,not approval by RERA
340,3 BHK Villa,seller,Under Construction,"6,818 / sq ft", 1.5 Cr,2200 ,Indresham,not approval by RERA
341,2 BHK Apartment,seller,Ready to move,"5,934 / sq ft", 68.25 L,1150 ,Manikonda,not approval by RERA
342,2 BHK Apartment,seller,Under Construction,"3,000 / sq ft", 42 L,1400 ,Chandanagar,not approval by RERA
343,3 BHK Apartment,seller,Ready to move,"4,050 / sq ft", 45 L,1111 ,Alwal,not approval by RERA
344,4 BHK Villa in Giridhari Prospera County,Giridhari Constructions,Under Construction,"15,000 / sq ft", 7.12 Cr,4750 ,Kismatpur,approval by RERA
345,3 BHK Villa in Nest Bliss In The Woods,Nest Makers,Under Construction,"5,475 / sq ft", 2.19 Cr,4000 ,Harshaguda,approval by RERA
346,5 BHK Villa in Nest Bliss In The Woods,Nest Makers,Under Construction,"6,348 / sq ft", 4.44 Cr,7000 ,Harshaguda,approval by RERA
347,5 BHK Villa in Nest Bliss In The Woods,Nest Makers,Under Construction,"7,223 / sq ft", 6.5 Cr,9000 ,Harshaguda,approval by RERA
348,5 BHK Villa in Nest Bliss In The Woods,Nest Makers,Under Construction,"6,348 / sq ft", 4.44 Cr,7000 ,Harshaguda,approval by RERA
349,4 BHK Villa in Nest Bliss In The Woods,Nest Makers,Under Construction,"6,348 / sq ft", 3.33 Cr,5250 ,Harshaguda,approval by RERA
350,4 BHK Villa in Nest Bliss In The Woods,Nest Makers,Under Construction,"6,348 / sq ft", 3.33 Cr,5250 ,Harshaguda,approval by RERA
351,3 BHK Independent House,seller,Ready to move,"13,636 / sq ft", 1.5 Cr,1100 ,Qutub Shahi Tombs,not approval by RERA
352,3 BHK Independent House,seller,Ready to move,"16,666 / sq ft", 1.5 Cr,900 ,Santoshnagar,not approval by RERA
353,2 BHK Apartment,seller,Ready to move,"3,597 / sq ft", 40 L,1112 ,Nizampet,not approval by RERA
354,2 BHK Apartment,seller,Ready to move,"5,440 / sq ft", 68 L,1250 ,Kukatpally,not approval by RERA
355,2 BHK Apartment,seller,Under Construction,"7,333 / sq ft", 66 L,900 ,Erragadda,not approval by RERA
356,3 BHK Apartment in Jaya Hillton Classic Mega Gated Community,seller,Under Construction,"5,183 / sq ft", 92 L,1775 ,Chandanagar,approval by RERA
357,2 BHK Apartment in Chaitra Meadows,seller,Ready to move,"4,909 / sq ft", 54 L,1100 ,Mallampet,not approval by RERA
358,2 BHK Apartment,seller,Ready to move,"5,000 / sq ft", 60 L,1200 ,AS Rao Nagar,not approval by RERA
359,8 BHK Independent House,seller,Ready to move,"8,950 / sq ft", 2.9 Cr,3240 ,Moula Ali,not approval by RERA
360,2 BHK Apartment in Meridian Constructions Hyderabad Meridian Pride,seller,Ready to move,"5,595 / sq ft", 70 L,1251 ,Alwal,not approval by RERA
361,2 BHK Apartment,seller,Under Construction,"5,636 / sq ft", 62 L,1100 ,Padmarao Nagar,not approval by RERA
362,2 BHK Apartment,seller,Ready to move,"5,000 / sq ft", 51 L,1020 ,Mallapur,not approval by RERA
363,3 BHK Apartment in Vazhraa Vazhraa Prathik,Vazhraa Nirmaan Pvt Ltd,Under Construction,"6,300 / sq ft", 1.07 Cr,1710 ,Nizampet,approval by RERA
364,3 BHK Apartment in Vazhraa Vazhraa Prathik,Vazhraa Nirmaan Pvt Ltd,Under Construction,"6,300 / sq ft", 1.15 Cr,1835 ,Nizampet,approval by RERA
365,2 BHK Apartment in Vazhraa Vazhraa Prathik,Vazhraa Nirmaan Pvt Ltd,Under Construction,"6,300 / sq ft", 85.68 L,1360 ,Nizampet,approval by RERA
366,3 BHK Apartment in Vazhraa Vazhraa Prathik,Vazhraa Nirmaan Pvt Ltd,Under Construction,"6,300 / sq ft", 1.17 Cr,1870 ,Nizampet,approval by RERA
367,3 BHK Apartment in Vazhraa Vazhraa Prathik,Vazhraa Nirmaan Pvt Ltd,Under Construction,"6,300 / sq ft", 1.07 Cr,1710 ,Nizampet,approval by RERA
368,3 BHK Apartment in Vazhraa Vazhraa Prathik,Vazhraa Nirmaan Pvt Ltd,Under Construction,"6,300 / sq ft", 1.14 Cr,1820 ,Nizampet,approval by RERA
369,2 BHK Apartment in Vazhraa Vazhraa Prathik,Vazhraa Nirmaan Pvt Ltd,Under Construction,"6,300 / sq ft", 85.68 L,1360 ,Nizampet,approval by RERA
370,3 BHK Apartment in Vazhraa Vazhraa Prathik,Vazhraa Nirmaan Pvt Ltd,Under Construction,"6,300 / sq ft", 1.14 Cr,1820 ,Nizampet,approval by RERA
371,2 BHK Apartment in Vazhraa Vazhraa Prathik,Vazhraa Nirmaan Pvt Ltd,Under Construction,"6,300 / sq ft", 79.06 L,1255 ,Nizampet,approval by RERA
372,2 BHK Apartment in Vazhraa Vazhraa Prathik,Vazhraa Nirmaan Pvt Ltd,Under Construction,"6,300 / sq ft", 79.06 L,1255 ,Nizampet,approval by RERA
373,2 BHK Apartment in Vazhraa Vazhraa Prathik,Vazhraa Nirmaan Pvt Ltd,Under Construction,"6,300 / sq ft", 80.01 L,1270 ,Nizampet,approval by RERA
374,2 BHK Apartment in Vazhraa Vazhraa Prathik,Vazhraa Nirmaan Pvt Ltd,Under Construction,"6,300 / sq ft", 80.01 L,1270 ,Nizampet,approval by RERA
375,3 BHK Apartment in Anuhar Art Of Living,Anuhar Homes Pvt Ltd,Ready to move,"6,000 / sq ft", 98.16 L,1636 ,Manikonda,not approval by RERA
376,3 BHK Apartment in Anuhar Art Of Living,Anuhar Homes Pvt Ltd,Ready to move,"6,000 / sq ft", 98.16 L,1636 ,Manikonda,not approval by RERA
377,2 BHK Apartment in Anuhar Art Of Living,Anuhar Homes Pvt Ltd,Ready to move,"6,000 / sq ft", 78.48 L,1308 ,Manikonda,not approval by RERA
378,2 BHK Apartment in Anuhar Art Of Living,Anuhar Homes Pvt Ltd,Ready to move,"6,000 / sq ft", 78.48 L,1308 ,Manikonda,not approval by RERA
379,2 BHK Apartment in Anuhar Art Of Living,Anuhar Homes Pvt Ltd,Ready to move,"6,000 / sq ft", 75.12 L,1252 ,Manikonda,not approval by RERA
380,2 BHK Apartment in Anuhar Art Of Living,Anuhar Homes Pvt Ltd,Ready to move,"6,000 / sq ft", 75.12 L,1252 ,Manikonda,not approval by RERA
381,3 BHK Apartment in Anuhar Art Of Living,Anuhar Homes Pvt Ltd,Ready to move,"6,000 / sq ft", 1.05 Cr,1750 ,Manikonda,not approval by RERA
382,3 BHK Apartment in Anuhar Art Of Living,Anuhar Homes Pvt Ltd,Ready to move,"6,000 / sq ft", 1.05 Cr,1750 ,Manikonda,not approval by RERA
383,3 BHK Apartment in Anuhar Art Of Living,Anuhar Homes Pvt Ltd,Ready to move,"6,000 / sq ft", 1.09 Cr,1827 ,Manikonda,not approval by RERA
384,3 BHK Apartment in Anuhar Art Of Living,Anuhar Homes Pvt Ltd,Ready to move,"6,000 / sq ft", 1.09 Cr,1827 ,Manikonda,not approval by RERA
385,3 BHK Apartment in Anuhar Art Of Living,Anuhar Homes Pvt Ltd,Ready to move,"6,000 / sq ft", 98.16 L,1636 ,Manikonda,not approval by RERA
386,2 BHK Apartment in Anuhar Art Of Living,Anuhar Homes Pvt Ltd,Ready to move,"6,000 / sq ft", 77.88 L,1298 ,Manikonda,not approval by RERA
387,2 BHK Apartment in Anuhar Art Of Living,Anuhar Homes Pvt Ltd,Ready to move,"6,000 / sq ft", 77.88 L,1298 ,Manikonda,not approval by RERA
388,2 BHK Apartment in Anuhar Art Of Living,Anuhar Homes Pvt Ltd,Ready to move,"6,000 / sq ft", 78.48 L,1308 ,Manikonda,not approval by RERA
389,2 BHK Apartment in Anuhar Art Of Living,Anuhar Homes Pvt Ltd,Ready to move,"6,000 / sq ft", 75.12 L,1252 ,Manikonda,not approval by RERA
390,3 BHK Apartment in Anuhar Art Of Living,Anuhar Homes Pvt Ltd,Ready to move,"6,000 / sq ft", 97.8 L,1630 ,Manikonda,not approval by RERA
391,3 BHK Apartment in Anuhar Art Of Living,Anuhar Homes Pvt Ltd,Ready to move,"6,000 / sq ft", 97.8 L,1630 ,Manikonda,not approval by RERA
392,3 BHK Apartment in Anuhar Art Of Living,Anuhar Homes Pvt Ltd,Ready to move,"6,000 / sq ft", 1.05 Cr,1750 ,Manikonda,not approval by RERA
393,3 BHK Apartment in Anuhar Art Of Living,Anuhar Homes Pvt Ltd,Ready to move,"6,000 / sq ft", 96.66 L,1611 ,Manikonda,not approval by RERA
394,3 BHK Apartment in Anuhar Art Of Living,Anuhar Homes Pvt Ltd,Ready to move,"6,000 / sq ft", 96.66 L,1611 ,Manikonda,not approval by RERA
395,3 BHK Apartment in Anuhar Art Of Living,Anuhar Homes Pvt Ltd,Ready to move,"6,000 / sq ft", 1.09 Cr,1827 ,Manikonda,not approval by RERA
396,2 BHK Apartment in Anuhar Art Of Living,Anuhar Homes Pvt Ltd,Ready to move,"6,000 / sq ft", 77.88 L,1298 ,Manikonda,not approval by RERA
397,3 BHK Apartment in Anuhar Art Of Living,Anuhar Homes Pvt Ltd,Ready to move,"6,000 / sq ft", 93 L,1550 ,Manikonda,not approval by RERA
398,3 BHK Apartment in Anuhar Art Of Living,Anuhar Homes Pvt Ltd,Ready to move,"6,000 / sq ft", 93 L,1550 ,Manikonda,not approval by RERA
399,3 BHK Apartment in Anuhar Art Of Living,Anuhar Homes Pvt Ltd,Ready to move,"6,000 / sq ft", 97.8 L,1630 ,Manikonda,not approval by RERA
400,2 BHK Apartment in Anuhar Art Of Living,Anuhar Homes Pvt Ltd,Ready to move,"6,000 / sq ft", 76.86 L,1281 ,Manikonda,not approval by RERA
401,2 BHK Apartment in Anuhar Art Of Living,Anuhar Homes Pvt Ltd,Ready to move,"6,000 / sq ft", 76.86 L,1281 ,Manikonda,not approval by RERA
402,3 BHK Apartment in Anuhar Art Of Living,Anuhar Homes Pvt Ltd,Ready to move,"6,000 / sq ft", 96.66 L,1611 ,Manikonda,not approval by RERA
403,3 BHK Apartment in Anuhar Art Of Living,Anuhar Homes Pvt Ltd,Ready to move,"6,000 / sq ft", 93 L,1550 ,Manikonda,not approval by RERA
404,3 BHK Apartment in Anuhar Art Of Living,Anuhar Homes Pvt Ltd,Ready to move,"6,000 / sq ft", 1.07 Cr,1785 ,Manikonda,not approval by RERA
405,3 BHK Apartment in Anuhar Art Of Living,Anuhar Homes Pvt Ltd,Ready to move,"6,000 / sq ft", 1.07 Cr,1785 ,Manikonda,not approval by RERA
406,2 BHK Apartment in Anuhar Art Of Living,Anuhar Homes Pvt Ltd,Ready to move,"6,000 / sq ft", 76.86 L,1281 ,Manikonda,not approval by RERA
407,2 BHK Apartment in Anuhar Art Of Living,Anuhar Homes Pvt Ltd,Ready to move,"6,000 / sq ft", 75.66 L,1261 ,Manikonda,not approval by RERA
408,3 BHK Apartment in Anuhar Art Of Living,Anuhar Homes Pvt Ltd,Ready to move,"6,000 / sq ft", 1.07 Cr,1785 ,Manikonda,not approval by RERA
409,2 BHK Apartment in Anuhar Art Of Living,Anuhar Homes Pvt Ltd,Ready to move,"6,000 / sq ft", 75.66 L,1261 ,Manikonda,not approval by RERA
410,2 BHK Apartment in Anuhar Art Of Living,Anuhar Homes Pvt Ltd,Ready to move,"6,000 / sq ft", 75.66 L,1261 ,Manikonda,not approval by RERA
411,3 BHK Apartment in Anuhar Art Of Living,Anuhar Homes Pvt Ltd,Ready to move,"6,000 / sq ft", 1.03 Cr,1718 ,Manikonda,not approval by RERA
412,3 BHK Apartment in Anuhar Art Of Living,Anuhar Homes Pvt Ltd,Ready to move,"6,000 / sq ft", 1.03 Cr,1718 ,Manikonda,not approval by RERA
413,3 BHK Apartment in Anuhar Art Of Living,Anuhar Homes Pvt Ltd,Ready to move,"6,000 / sq ft", 1.03 Cr,1718 ,Manikonda,not approval by RERA
414,3 BHK Apartment in Anuhar Art Of Living,Anuhar Homes Pvt Ltd,Ready to move,"6,000 / sq ft", 1.03 Cr,1730 ,Manikonda,not approval by RERA
415,3 BHK Apartment in Anuhar Art Of Living,Anuhar Homes Pvt Ltd,Ready to move,"6,000 / sq ft", 1.03 Cr,1730 ,Manikonda,not approval by RERA
416,3 BHK Apartment in Anuhar Art Of Living,Anuhar Homes Pvt Ltd,Ready to move,"6,000 / sq ft", 1.03 Cr,1730 ,Manikonda,not approval by RERA
417,2 BHK Apartment in Vaishnavi Houdini,Vaishnavi Infracon India Pvt Ltd,Under Construction,"5,600 / sq ft", 80.47 L,1437 ,Bandlaguda Jagir,approval by RERA
418,3 BHK Apartment in Vaishnavi Houdini,Vaishnavi Infracon India Pvt Ltd,Under Construction,"5,600 / sq ft", 1.06 Cr,1909 ,Bandlaguda Jagir,approval by RERA
419,2 BHK Apartment in Vaishnavi Houdini,Vaishnavi Infracon India Pvt Ltd,Under Construction,"5,600 / sq ft", 66.8 L,1193 ,Bandlaguda Jagir,approval by RERA
420,2 BHK Apartment in Vaishnavi Houdini,Vaishnavi Infracon India Pvt Ltd,Under Construction,"5,600 / sq ft", 71.06 L,1269 ,Bandlaguda Jagir,approval by RERA
421,3 BHK Apartment in Vaishnavi Houdini,Vaishnavi Infracon India Pvt Ltd,Under Construction,"5,600 / sq ft", 1.09 Cr,1963 ,Bandlaguda Jagir,approval by RERA
422,3 BHK Apartment in Vaishnavi Houdini,Vaishnavi Infracon India Pvt Ltd,Under Construction,"5,600 / sq ft", 1.13 Cr,2028 ,Bandlaguda Jagir,approval by RERA
423,7 BHK Independent House,seller,Ready to move,"6,222 / sq ft", 2.8 Cr,4500 ,Alwal,not approval by RERA
424,2 BHK Apartment,seller,Ready to move,"6,730 / sq ft", 63 L,936 ,Sainikpuri,not approval by RERA
425,3 BHK Apartment in Vertex Prestige,seller,Ready to move,"5,298 / sq ft", 80 L,1510 ,Kukatpally,not approval by RERA
426,2 BHK Apartment,seller,Under Construction,"4,500 / sq ft", 54.94 L,1221 ,Bachupally,not approval by RERA
427,3 BHK Apartment in Cybercity Marina Skies,seller,Ready to move,"8,275 / sq ft", 1.2 Cr,1450 ,Hitech City,not approval by RERA
428,2 BHK Apartment,seller,Under Construction,"4,400 / sq ft", 55 L,1250 ,Suraram,not approval by RERA
429,3 BHK Apartment,seller,Under Construction,"4,451 / sq ft", 69 L,1550 ,Suraram,not approval by RERA
430,2 BHK Independent House,seller,Under Construction,"6,363 / sq ft", 70 L,1100 ,Isnapur,not approval by RERA
431,2 BHK Independent House,seller,Ready to move,"6,250 / sq ft", 75 L,1200 ,Krishna Reddy Pet,not approval by RERA
432,2 BHK Independent House,seller,Ready to move,"4,562 / sq ft", 73 L,1600 ,Dammaiguda,not approval by RERA
433,4 BHK Apartment,seller,Ready to move,"4,480 / sq ft", 56 L,1250 ,Nizampet,not approval by RERA
434,3 BHK Apartment,seller,Ready to move,"7,058 / sq ft", 1.2 Cr,1700 ,Punjagutta,not approval by RERA
435,3 BHK Apartment,seller,Ready to move,"5,357 / sq ft", 75 L,1400 ,Bandlaguda Jagir,not approval by RERA
436,3 BHK Apartment in Mohammed Abdual Razzak Khan IK Towers,seller,Under Construction,"5,066 / sq ft", 76 L,1500 ,Attapur,approval by RERA
437,2 BHK Apartment,seller,Under Construction,"4,910 / sq ft", 55 L,1120 ,Bachupally,not approval by RERA
438,2 BHK Independent House,seller,Ready to move,"8,090 / sq ft", 89 L,1100 ,Balapur,not approval by RERA
439,3 BHK Apartment,seller,Ready to move,"6,153 / sq ft", 80 L,1300 ,Manikonda,not approval by RERA
440,3 BHK Apartment,seller,Ready to move,"4,400 / sq ft", 67.76 L,1540 ,Miyapur,not approval by RERA
441,2 BHK Apartment,seller,Under Construction,"4,910 / sq ft", 55 L,1120 ,Bachupally,not approval by RERA
442,3 BHK Apartment in Pragathi S Raghupathi County,Maaruthi Group,Under Construction,"5,650 / sq ft", 85.03 L,1505 ,Pragathi Nagar Kukatpally,approval by RERA
443,2 BHK Apartment in Pragathi S Raghupathi County,Maaruthi Group,Under Construction,"5,650 / sq ft", 74.01 L,1310 ,Pragathi Nagar Kukatpally,approval by RERA
444,3 BHK Apartment in Pragathi S Raghupathi County,Maaruthi Group,Under Construction,"5,650 / sq ft", 1 Cr,1775 ,Pragathi Nagar Kukatpally,approval by RERA
445,3 BHK Apartment in Pragathi S Raghupathi County,Maaruthi Group,Under Construction,"5,650 / sq ft", 99.15 L,1755 ,Pragathi Nagar Kukatpally,approval by RERA
446,3 BHK Apartment in Pragathi S Raghupathi County,Maaruthi Group,Under Construction,"5,650 / sq ft", 99.44 L,1760 ,Pragathi Nagar Kukatpally,approval by RERA
447,3 BHK Apartment in Pragathi S Raghupathi County,Maaruthi Group,Under Construction,"5,650 / sq ft", 1.14 Cr,2030 ,Pragathi Nagar Kukatpally,approval by RERA
448,3 BHK Apartment in Pragathi S Raghupathi County,Maaruthi Group,Under Construction,"5,650 / sq ft", 86.72 L,1535 ,Pragathi Nagar Kukatpally,approval by RERA
449,2 BHK Apartment in Pragathi S Raghupathi County,Maaruthi Group,Under Construction,"5,650 / sq ft", 72.03 L,1275 ,Pragathi Nagar Kukatpally,approval by RERA
450,3 BHK Apartment in Pragathi S Raghupathi County,Maaruthi Group,Under Construction,"5,650 / sq ft", 1.09 Cr,1945 ,Pragathi Nagar Kukatpally,approval by RERA
451,3 BHK Apartment in Pragathi S Raghupathi County,Maaruthi Group,Under Construction,"5,650 / sq ft", 1.08 Cr,1915 ,Pragathi Nagar Kukatpally,approval by RERA
452,2 BHK Apartment in Pragathi S Raghupathi County,Maaruthi Group,Under Construction,"5,650 / sq ft", 74.86 L,1325 ,Pragathi Nagar Kukatpally,approval by RERA
453,3 BHK Apartment in Pragathi S Raghupathi County,Maaruthi Group,Under Construction,"5,650 / sq ft", 1.16 Cr,2070 ,Pragathi Nagar Kukatpally,approval by RERA
454,2 BHK Apartment in Pragathi S Raghupathi County,Maaruthi Group,Under Construction,"5,650 / sq ft", 75.42 L,1335 ,Pragathi Nagar Kukatpally,approval by RERA
455,3 BHK Apartment in Pragathi S Raghupathi County,Maaruthi Group,Under Construction,"5,650 / sq ft", 1.12 Cr,1990 ,Pragathi Nagar Kukatpally,approval by RERA
456,3 BHK Apartment in Pragathi S Raghupathi County,Maaruthi Group,Under Construction,"5,650 / sq ft", 1.17 Cr,2075 ,Pragathi Nagar Kukatpally,approval by RERA
457,2 BHK Apartment in Pragathi S Raghupathi County,Maaruthi Group,Under Construction,"5,650 / sq ft", 71.47 L,1265 ,Pragathi Nagar Kukatpally,approval by RERA
458,2 BHK Apartment,seller,Ready to move,"3,194 / sq ft", 23 L,720 ,Gulshan EIqbal Colony,not approval by RERA
459,2 BHK Apartment,seller,Ready to move,"3,500 / sq ft", 35 L,1000 ,Miyapur,not approval by RERA
460,3 BHK Apartment in APR Praveens Higheria,APR Group,Under Construction,"4,299 / sq ft", 58.25 L,1355 ,Patancheru,approval by RERA
461,2 BHK Apartment in APR Praveens Higheria,APR Group,Under Construction,"4,299 / sq ft", 48.36 L,1125 ,Patancheru,approval by RERA
462,3 BHK Villa in APR Vaarahi Praveens Hynora,APR Group,Under Construction,"5,970 / sq ft", 1.19 Cr,2010 ,Gagillapur,approval by RERA
463,3 BHK Villa in APR Vaarahi Praveens Hynora,APR Group,Under Construction,"5,984 / sq ft", 1.43 Cr,2390 ,Gagillapur,approval by RERA
464,3 BHK Villa in APR Vaarahi Praveens Hynora,APR Group,Under Construction,"5,965 / sq ft", 1.36 Cr,2280 ,Gagillapur,approval by RERA
465,3 BHK Villa in APR Vaarahi Praveens Hynora,APR Group,Under Construction,"6,000 / sq ft", 1.26 Cr,2100 ,Gagillapur,approval by RERA
466,3 BHK Villa in APR Vaarahi Praveens Hynora,APR Group,Under Construction,"5,984 / sq ft", 1.49 Cr,2490 ,Gagillapur,approval by RERA
467,3 BHK Villa in APR Vaarahi Praveens Hynora,APR Group,Under Construction,"5,992 / sq ft", 1.48 Cr,2470 ,Gagillapur,approval by RERA
468,4 BHK Independent House in APR Praveens Nature Phase II,APR Group,Under Construction,"6,796 / sq ft", 1.93 Cr,2840 ,Patancheru,approval by RERA
469,3 BHK Independent House in APR Praveens Nature Phase II,APR Group,Under Construction,"7,329 / sq ft", 1.55 Cr,2115 ,Patancheru,approval by RERA
470,3 BHK Independent House in APR Praveens Nature Phase II,APR Group,Under Construction,"7,345 / sq ft", 1.48 Cr,2015 ,Patancheru,approval by RERA
471,4 BHK Independent House in APR Praveens Nature Phase II,APR Group,Under Construction,"7,076 / sq ft", 1.89 Cr,2685 ,Patancheru,approval by RERA
472,4 BHK Villa in APR Praveens Crystal Avenue,APR Group,Under Construction,"7,485 / sq ft", 1.88 Cr,2525 ,Hayathnagar,approval by RERA
473,4 BHK Villa in APR Praveens Crystal Avenue,APR Group,Under Construction,"7,494 / sq ft", 1.65 Cr,2215 ,Hayathnagar,approval by RERA
474,8 BHK Independent House,seller,Ready to move,"6,172 / sq ft", 2.5 Cr,4050 ,Kothapet,not approval by RERA
475,4 BHK Apartment in Swaraj Homes Kendriya Vihar Phase 3,seller,Ready to move,"4,621 / sq ft", 77 L,1666 ,Bandlaguda Jagir,not approval by RERA
476,2 BHK Apartment in Provident Kenworth,seller,Ready to move,"6,896 / sq ft", 64 L,928 ,Rajendra Nagar,not approval by RERA
477,3 BHK Apartment,seller,Under Construction,"4,621 / sq ft", 55.5 L,1201 ,Bandlaguda Jagir,not approval by RERA
478,2 BHK Apartment in Spectra Metro Heights,seller,Ready to move,"6,067 / sq ft", 75 L,1236 ,Nagole,not approval by RERA
479,3 BHK Apartment in Empire Meadows,seller,Ready to move,"5,750 / sq ft", 69 L,1200 ,Miyapur,not approval by RERA
